2,3,4,5,6,7,8,9,10,11,12,13,14,15,16,17,18,19,20
"[1, 3, 2, 3, 1, 3, 2, 4, 4, 4]","[8, 1, 5, 8, 4, 5, 1, 5, 1, 7]","[2, 3, 7, 8, 1, 13, 3, 1, 15, 13]","[10, 3, 14, 21, 24, 2, 30, 24, 12, 3]","[14, 24, 22, 7, 50, 4, 30, 14, 23, 40]","[98, 48, 72, 56, 66, 14, 61, 24, 28, 103]","[68, 201, 208, 12, 110, 145, 206, 253, 156, 210]","[1, 57, 510, 322, 75, 224, 61, 417, 194, 194]","[453, 120, 328, 865, 607, 956, 56, 80, 659, 866]","[1424, 788, 915, 1070, 517, 1478, 414, 1034, 1093, 579]","[936, 3455, 2447, 1682, 1687, 382, 2272, 3920, 1253, 428]","[4150, 4337, 6445, 1107, 3414, 3492, 6116, 4775, 1865, 2429]","[12120, 14796, 16090, 6099, 15555, 6224, 8137, 16016, 13562, 971]","[7917, 9599, 12163, 18519, 27367, 6649, 10643, 5716, 24574, 25456]","[18971, 51308, 65039, 1188, 24256, 22752, 50473, 41710, 30417, 14876]","[26731, 128470, 18698, 58146, 25538, 16152, 62727, 67187, 127379, 113277]","[36729, 89811, 67789, 168474, 15397, 259785, 134152, 79658, 189145, 75146]","[265038, 146569, 452735, 346307, 262343, 74860, 505236, 53589, 433082, 78251]","[589041, 665263, 238097, 693363, 362309, 595205, 599067, 955156, 384807, 658617]"
"[4, 2, 3, 1, 2, 2, 1, 4, 1, 4]","[6, 6, 4, 7, 8, 5, 7, 2, 4, 2]","[14, 2, 16, 14, 7, 13, 6, 12, 16, 16]","[23, 9, 14, 16, 9, 22, 20, 5, 13, 28]","[59, 20, 19, 36, 60, 4, 47, 52, 41, 29]","[70, 7, 107, 115, 8, 126, 33, 31, 56, 19]","[252, 1, 158, 52, 126, 98, 225, 86, 121, 1]","[324, 137, 42, 175, 111, 309, 33, 61, 70, 268]","[170, 661, 752, 789, 694, 722, 223, 145, 607, 148]","[1992, 149, 1414, 1750, 1834, 1584, 765, 215, 1367, 1469]","[2128, 595, 1353, 1330, 4059, 3543, 2597, 3985, 2909, 1752]","[2232, 3015, 6850, 2576, 1688, 7383, 7754, 6488, 4742, 4377]","[16158, 15555, 9844, 13781, 12593, 5384, 3814, 8945, 11134, 14625]","[10411, 295, 846, 6951, 9738, 6617, 20376, 6251, 1326, 14365]","[16976, 56023, 18377, 41954, 10488, 17907, 58940, 46595, 52556, 45854]","[85364, 59235, 4388, 128217, 19277, 47125, 12359, 48173, 51794, 51480]","[96262, 66238, 241892, 223747, 239598, 190853, 200006, 164017, 159740, 259349]","[191143, 416579, 483848, 221356, 125233, 253100, 437987, 224291, 63374, 450804]","[165460, 343079, 449031, 459556, 683094, 210957, 858315, 274377, 176662, 1045801]"
"[3, 4, 2, 3, 2, 4, 2, 3, 4, 2]","[2, 4, 5, 8, 3, 6, 8, 8, 4, 8]","[15, 14, 3, 15, 12, 1, 2, 13, 10, 5]","[7, 3, 1, 15, 9, 21, 15, 25, 11, 4]","[25, 56, 1, 59, 37, 50, 31, 8, 2, 63]","[63, 71, 117, 99, 17, 105, 61, 115, 88, 12]","[7, 135, 164, 77, 217, 225, 61, 135, 250, 31]","[396, 48, 53, 66, 374, 287, 207, 13, 136, 16]","[303, 410, 476, 845, 811, 939, 350, 888, 1011, 715]","[28, 80, 1137, 1364, 1102, 108, 457, 823, 236, 1052]","[2883, 882, 324, 3575, 3388, 4062, 1586, 2516, 1063, 4058]","[4341, 3291, 1469, 8111, 6266, 700, 4704, 4374, 2326, 2076]","[241, 800, 4511, 12929, 10757, 2594, 2133, 16261, 10148, 2540]","[4289, 30909, 9008, 1900, 25796, 32084, 4944, 32766, 9505, 25896]","[61302, 47873, 17290, 35501, 21466, 20757, 60031, 15754, 4932, 5487]","[72306, 113278, 77347, 84387, 115501, 43694, 125669, 86255, 69867, 89245]","[248517, 206765, 147441, 126024, 217281, 182279, 101485, 55473, 247228, 225000]","[339696, 435633, 21249, 208277, 479695, 186010, 48412, 333537, 28964, 59298]","[108959, 817729, 650985, 809049, 650772, 308341, 400708, 181776, 523338, 118094]"
"[3, 2, 2, 2, 1, 2, 1, 1, 1, 1]","[8, 2, 4, 8, 2, 7, 4, 8, 5, 8]","[16, 2, 13, 1, 4, 3, 14, 2, 13, 16]","[24, 15, 17, 30, 26, 14, 30, 15, 24, 11]","[8, 64, 43, 51, 2, 2, 1, 52, 59, 48]","[103, 115, 127, 114, 10, 92, 81, 69, 40, 82]","[28, 230, 256, 227, 155, 254, 14, 81, 69, 216]","[69, 501, 16, 302, 229, 423, 440, 382, 213, 470]","[1013, 967, 395, 143, 463, 77, 422, 1008, 184, 311]","[384, 1122, 1924, 198, 852, 647, 1798, 705, 1454, 95]","[2185, 2014, 177, 2012, 3473, 3892, 2019, 3218, 2923, 2196]","[6978, 1372, 1016, 7254, 844, 5341, 2506, 1261, 2252, 2466]","[12759, 11810, 1251, 7133, 1884, 13823, 11604, 12266, 14321, 9707]","[7110, 39, 21558, 30189, 28492, 6922, 9628, 8489, 26299, 22460]","[47240, 15143, 34163, 4388, 33092, 6844, 31339, 13868, 53185, 44509]","[56151, 98489, 49664, 81826, 98905, 20132, 65124, 119495, 85175, 122423]","[155510, 17653, 136531, 203824, 239303, 104420, 25837, 129250, 60138, 140749]","[91852, 125268, 431513, 227822, 306027, 34691, 295735, 424420, 416630, 347536]","[692780, 403945, 961005, 379148, 1024112, 692685, 186169, 308104, 448139, 206042]"
"[3, 3, 2, 3, 1, 1, 4, 2, 4, 4]","[2, 2, 3, 3, 5, 6, 2, 7, 2, 8]","[13, 6, 11, 14, 9, 3, 8, 16, 12, 14]","[9, 20, 6, 25, 19, 18, 26, 13, 15, 11]","[24, 20, 19, 43, 44, 44, 40, 55, 42, 7]","[71, 41, 101, 39, 34, 117, 118, 73, 22, 113]","[25, 137, 206, 39, 84, 71, 80, 33, 156, 143]","[154, 510, 178, 119, 278, 226, 185, 230, 213, 253]","[175, 689, 487, 638, 871, 406, 539, 725, 987, 384]","[674, 666, 437, 1131, 1037, 305, 651, 1535, 400, 1624]","[3478, 1, 3430, 275, 734, 2196, 2364, 514, 1077, 1825]","[6491, 1270, 6358, 7514, 2018, 2547, 704, 7231, 4941, 4615]","[3947, 5042, 2992, 15825, 1804, 10851, 12067, 12595, 7876, 2374]","[1944, 4418, 17133, 18610, 497, 12711, 21825, 23838, 14958, 13572]","[43653, 51272, 4593, 56986, 19058, 7648, 15897, 31279, 11962, 48097]","[123928, 87311, 125810, 13390, 110750, 13504, 41342, 51560, 117825, 87076]","[104461, 99247, 178281, 72079, 127130, 187182, 173650, 152898, 224548, 109036]","[245695, 232389, 83193, 443049, 211416, 22243, 500494, 154566, 390048, 434429]","[180681, 536591, 656950, 636468, 1041636, 599074, 341377, 657982, 996688, 398328]"
"[2, 4, 4, 2, 4, 3, 1, 1, 3, 1]","[3, 1, 3, 8, 7, 5, 5, 8, 8, 2]","[15, 4, 2, 6, 6, 16, 6, 9, 2, 11]","[1, 22, 29, 30, 11, 8, 14, 19, 5, 22]","[19, 45, 50, 22, 20, 25, 62, 46, 1, 8]","[48, 81, 65, 77, 103, 2, 25, 52, 17, 48]","[230, 157, 39, 214, 91, 196, 181, 72, 132, 40]","[443, 457, 355, 272, 85, 356, 108, 145, 233, 104]","[829, 395, 547, 220, 681, 251, 858, 687, 628, 137]","[124, 1132, 177, 1442, 1285, 1194, 102, 602, 1817, 363]","[82, 357, 3254, 1262, 923, 2669, 263, 1918, 1456, 2823]","[2727, 7093, 94, 6505, 3838, 7953, 3035, 6700, 3555, 3513]","[3355, 6437, 3990, 8776, 13025, 3514, 2989, 3153, 2764, 3336]","[187, 13766, 24546, 2758, 15689, 29517, 26111, 26089, 29394, 27243]","[17324, 36344, 63169, 45868, 1795, 2720, 9622, 25249, 33650, 65431]","[112328, 96062, 110794, 129818, 69564, 12927, 23562, 45068, 113826, 57527]","[7458, 165271, 25967, 186894, 31774, 18320, 224908, 23724, 202456, 230685]","[172691, 142666, 41104, 251774, 493576, 55514, 145669, 427160, 331932, 306492]","[558248, 711128, 191341, 67049, 494576, 700372, 731546, 756536, 407121, 991059]"
"[3, 1, 1, 4, 4, 4, 2, 1, 3, 3]","[1, 3, 2, 7, 7, 1, 7, 6, 8, 2]","[16, 8, 13, 1, 7, 2, 4, 10, 1, 3]","[6, 6, 22, 25, 23, 4, 6, 17, 30, 7]","[19, 63, 55, 6, 20, 15, 4, 51, 57, 53]","[79, 34, 26, 45, 12, 116, 113, 73, 33, 47]","[11, 252, 199, 136, 130, 185, 90, 20, 92, 199]","[246, 283, 260, 37, 119, 51, 481, 11, 508, 248]","[313, 673, 474, 818, 310, 349, 825, 361, 757, 273]","[688, 1678, 549, 1163, 485, 1473, 439, 127, 936, 887]","[159, 25, 2273, 3801, 2276, 1405, 2897, 858, 2153, 1375]","[2564, 3339, 8107, 4368, 6613, 1242, 5582, 4922, 1807, 706]","[16041, 7725, 3199, 15782, 4885, 3456, 6668, 2355, 5075, 13275]","[22593, 20875, 29197, 18060, 13173, 7163, 28081, 24473, 2008, 30036]","[38901, 16752, 52141, 60572, 65244, 7417, 20243, 32888, 41787, 26082]","[27030, 67350, 74119, 49196, 57465, 111931, 87680, 125069, 126978, 129943]","[116828, 78804, 21307, 68868, 124854, 153761, 90260, 255860, 196403, 34990]","[486256, 97272, 274324, 422708, 313153, 410563, 218480, 313248, 117535, 385848]","[254922, 511351, 38566, 146874, 659477, 287204, 411626, 980485, 355615, 18607]"
"[4, 4, 4, 2, 4, 2, 1, 3, 2, 3]","[3, 2, 2, 5, 1, 6, 2, 3, 4, 3]","[9, 10, 13, 6, 16, 10, 4, 6, 10, 9]","[29, 14, 3, 22, 8, 24, 29, 5, 29, 17]","[8, 42, 44, 10, 11, 30, 8, 63, 41, 22]","[69, 60, 107, 53, 104, 103, 128, 60, 18, 10]","[244, 62, 115, 226, 39, 9, 46, 135, 237, 120]","[102, 129, 31, 263, 478, 54, 236, 321, 319, 93]","[142, 582, 650, 250, 887, 979, 850, 904, 229, 500]","[1951, 37, 783, 1780, 1317, 471, 1031, 975, 257, 1431]","[2364, 2732, 573, 476, 2968, 2215, 3370, 3850, 1087, 2495]","[8083, 7170, 3857, 6001, 1247, 309, 1534, 3209, 6101, 2664]","[9330, 10473, 6048, 16097, 14967, 13129, 234, 8535, 6654, 13835]","[14446, 14645, 71, 20015, 19213, 32689, 5209, 25760, 23201, 26212]","[29486, 63060, 27094, 39298, 770, 65045, 14416, 19679, 23344, 44504]","[6829, 84955, 29969, 26650, 91781, 23389, 84825, 28895, 79459, 93326]","[168706, 148392, 189653, 260976, 161207, 1682, 248795, 246750, 146210, 104272]","[140265, 460356, 351594, 470509, 431033, 273723, 258203, 503650, 285900, 297378]","[458430, 382909, 319052, 503549, 137408, 489363, 309379, 77558, 264879, 1042283]"
"[3, 4, 3, 1, 3, 2, 2, 2, 3, 1]","[5, 1, 2, 3, 5, 1, 6, 4, 4, 6]","[16, 9, 7, 6, 9, 2, 11, 8, 2, 10]","[24, 1, 6, 18, 13, 31, 26, 5, 19, 1]","[37, 30, 31, 18, 56, 9, 30, 62, 42, 23]","[99, 74, 46, 94, 50, 61, 44, 119, 24, 11]","[189, 169, 155, 80, 53, 92, 255, 126, 102, 90]","[28, 180, 192, 23, 4, 36, 120, 262, 431, 483]","[322, 267, 644, 574, 216, 559, 736, 907, 906, 660]","[482, 1219, 940, 432, 1789, 365, 564, 248, 702, 7]","[511, 1078, 2006, 3397, 1199, 1049, 476, 1931, 1197, 574]","[6758, 4218, 558, 4647, 6330, 3828, 1925, 2297, 2934, 5766]","[13193, 4342, 12119, 11954, 15023, 4456, 6224, 14875, 13098, 11609]","[14909, 629, 11001, 18271, 17118, 5801, 1754, 17557, 8876, 7010]","[40601, 50917, 39136, 25794, 60585, 7152, 24138, 361, 62358, 19574]","[39685, 82369, 10219, 18150, 11712, 31709, 65654, 40001, 65210, 56103]","[207535, 104104, 92743, 230994, 253476, 95398, 81075, 120124, 186770, 170058]","[133884, 126624, 99923, 234618, 157949, 6004, 505207, 176661, 336697, 424939]","[757728, 855640, 227830, 767086, 227294, 131241, 85227, 591685, 508798, 699263]"
"[3, 2, 1, 1, 4, 2, 2, 3, 1, 2]","[2, 1, 1, 6, 4, 3, 8, 7, 6, 7]","[12, 1, 3, 15, 16, 14, 11, 3, 8, 5]","[9, 21, 7, 32, 14, 14, 16, 19, 28, 4]","[60, 29, 43, 22, 54, 54, 21, 21, 1, 35]","[7, 12, 109, 101, 17, 76, 40, 84, 91, 6]","[149, 155, 48, 239, 126, 5, 60, 73, 46, 35]","[329, 64, 160, 241, 197, 194, 495, 148, 474, 451]","[784, 305, 121, 403, 15, 868, 92, 460, 423, 470]","[818, 1401, 325, 982, 1618, 2043, 1766, 889, 1873, 1189]","[3071, 3278, 2160, 2901, 1684, 1884, 3409, 879, 852, 1425]","[6906, 6530, 4803, 2487, 2156, 1836, 6411, 7520, 1748, 2820]","[432, 6991, 4877, 3366, 12854, 12242, 3902, 14386, 5471, 16076]","[7395, 5895, 8753, 8962, 28184, 7768, 11919, 29858, 21689, 6452]","[58921, 30713, 52812, 53882, 54723, 24900, 32406, 36385, 54566, 62572]","[58889, 112864, 86629, 21589, 116186, 5898, 76159, 43964, 185, 123814]","[133095, 109747, 184469, 74238, 196858, 76587, 72707, 48070, 88935, 42499]","[428199, 395071, 273464, 512302, 265986, 244401, 174810, 38485, 105262, 264566]","[308651, 622441, 588878, 279313, 699994, 354846, 239203, 829006, 1033616, 214466]"
"[2, 4, 3, 1, 2, 4, 3, 3, 1, 3]","[7, 8, 2, 4, 6, 5, 4, 5, 3, 1]","[5, 16, 9, 13, 3, 15, 13, 9, 10, 5]","[1, 25, 12, 8, 7, 20, 1, 4, 29, 27]","[43, 2, 48, 45, 12, 31, 5, 37, 50, 14]","[17, 118, 61, 6, 81, 34, 99, 64, 65, 45]","[193, 62, 126, 85, 31, 201, 204, 194, 1, 104]","[482, 63, 184, 104, 473, 384, 327, 429, 123, 111]","[41, 449, 368, 120, 624, 21, 369, 664, 1023, 704]","[561, 1883, 512, 90, 1604, 1488, 188, 1754, 663, 1077]","[147, 3502, 2586, 1240, 821, 2815, 3253, 3812, 2197, 864]","[7604, 7952, 5710, 6508, 1162, 1207, 1727, 7247, 4306, 6331]","[2321, 13666, 3889, 4925, 4675, 1411, 15401, 795, 9229, 566]","[17649, 11969, 1258, 19126, 15146, 14929, 8225, 3325, 2122, 13384]","[56864, 1780, 59242, 56589, 288, 5205, 54532, 23140, 2878, 15938]","[121108, 102275, 8563, 86121, 37730, 43874, 81779, 111305, 77331, 105374]","[145435, 200247, 144245, 178467, 32574, 154899, 173383, 128114, 109462, 83798]","[223301, 453431, 452375, 222329, 361406, 212311, 460991, 257079, 379475, 416158]","[440533, 69156, 1039831, 719036, 1008223, 822192, 946895, 1039721, 193606, 500292]"
"[2, 4, 2, 2, 4, 3, 3, 1, 3, 3]","[2, 2, 3, 1, 3, 4, 7, 5, 1, 2]","[12, 16, 9, 4, 1, 4, 2, 4, 14, 5]","[24, 17, 15, 4, 16, 30, 12, 23, 14, 7]","[17, 32, 42, 57, 26, 44, 7, 36, 46, 56]","[37, 86, 7, 39, 50, 15, 5, 91, 57, 126]","[252, 97, 202, 57, 51, 31, 61, 103, 17, 170]","[82, 248, 2, 158, 495, 509, 145, 185, 221, 498]","[205, 603, 385, 158, 503, 212, 734, 243, 111, 464]","[1843, 1871, 411, 1194, 1937, 475, 987, 1597, 1365, 364]","[3560, 1806, 2361, 2822, 3731, 1290, 2282, 2553, 3672, 303]","[5490, 1580, 3869, 5294, 2944, 3591, 4431, 6518, 6487, 7050]","[11408, 5168, 6415, 7928, 5197, 6841, 1927, 2234, 5409, 7170]","[2672, 21697, 16232, 22416, 10740, 27916, 30244, 22777, 16526, 6838]","[55421, 4600, 6873, 37288, 17394, 8687, 52161, 61459, 32067, 29269]","[118711, 67940, 29217, 46783, 44853, 113056, 85860, 80592, 58502, 56021]","[72671, 50462, 51577, 34969, 152921, 12235, 217585, 183560, 116533, 37070]","[204372, 102823, 497656, 498117, 257434, 7839, 368320, 291085, 149601, 33669]","[241050, 122401, 402368, 917124, 70206, 278097, 107455, 467654, 488343, 35884]"
"[2, 4, 2, 4, 2, 4, 2, 1, 3, 3]","[4, 1, 7, 3, 4, 2, 8, 8, 7, 1]","[7, 5, 14, 7, 14, 5, 7, 16, 7, 10]","[20, 32, 12, 29, 3, 6, 12, 29, 2, 6]","[13, 9, 55, 47, 25, 62, 56, 58, 33, 53]","[48, 1, 21, 125, 9, 40, 108, 3, 15, 41]","[14, 41, 50, 222, 234, 39, 142, 68, 42, 170]","[130, 180, 471, 184, 70, 310, 190, 424, 396, 375]","[1010, 405, 804, 131, 218, 895, 699, 230, 600, 434]","[1781, 1422, 564, 1307, 1849, 456, 807, 689, 386, 1120]","[377, 1309, 152, 3607, 3279, 3259, 2493, 1759, 1467, 817]","[1755, 6449, 7804, 1969, 5718, 5799, 1112, 2317, 1504, 7660]","[1575, 4103, 13888, 9991, 16046, 5000, 2315, 343, 11550, 8963]","[6577, 27023, 25007, 11029, 21014, 28202, 3691, 7952, 907, 30305]","[15131, 42770, 8398, 59129, 51355, 60753, 25461, 33480, 32067, 10030]","[28133, 12569, 57443, 54860, 121507, 91743, 74252, 33337, 3900, 31305]","[162542, 242923, 203350, 55056, 84195, 243585, 162939, 209277, 41167, 79295]","[327589, 57010, 73343, 524107, 108155, 232611, 495158, 226739, 101202, 201204]","[73809, 584063, 504162, 219665, 12559, 1031462, 469727, 592657, 732306, 979800]"
"[2, 2, 2, 1, 1, 2, 1, 1, 2, 4]","[6, 3, 8, 7, 8, 4, 3, 8, 5, 7]","[10, 1, 6, 13, 9, 9, 15, 16, 15, 14]","[5, 14, 14, 10, 19, 26, 9, 14, 26, 8]","[58, 2, 39, 18, 13, 36, 47, 27, 17, 38]","[20, 94, 86, 77, 61, 62, 53, 61, 15, 65]","[51, 183, 71, 155, 163, 117, 89, 79, 131, 167]","[487, 479, 424, 284, 414, 42, 110, 94, 130, 320]","[982, 776, 513, 310, 738, 87, 787, 233, 432, 592]","[1013, 474, 1407, 436, 395, 1277, 17, 720, 918, 1630]","[2417, 748, 692, 1401, 617, 2448, 232, 1818, 3672, 1972]","[6465, 1203, 4051, 8169, 928, 2664, 1356, 6098, 7448, 1851]","[13892, 5284, 16350, 9188, 1131, 14421, 3315, 429, 5424, 9017]","[16058, 11508, 19125, 22202, 24686, 30275, 28830, 13570, 9316, 22920]","[4198, 61947, 27598, 47934, 718, 37718, 20995, 49201, 31434, 9304]","[14109, 34257, 46946, 84742, 86857, 17110, 55835, 103744, 15488, 27964]","[218172, 34392, 120040, 217594, 132541, 40345, 230844, 18966, 19851, 166654]","[452328, 521111, 69949, 224432, 6808, 362613, 503458, 113120, 249127, 408233]","[219677, 332183, 364502, 993138, 28442, 101524, 414990, 415124, 181799, 755632]"
"[3, 2, 1, 3, 3, 2, 2, 2, 3, 3]","[8, 6, 7, 6, 3, 4, 3, 5, 2, 3]","[3, 4, 3, 10, 8, 12, 6, 13, 1, 7]","[25, 20, 16, 14, 23, 21, 18, 19, 18, 12]","[17, 58, 11, 50, 16, 25, 49, 51, 25, 63]","[85, 31, 95, 85, 99, 82, 121, 119, 21, 41]","[12, 160, 244, 166, 160, 54, 56, 142, 196, 202]","[340, 212, 465, 338, 123, 143, 512, 188, 358, 483]","[984, 869, 358, 294, 635, 451, 1004, 354, 828, 899]","[914, 869, 1198, 505, 382, 2009, 979, 1351, 1615, 951]","[415, 2357, 53, 3980, 2841, 1286, 88, 2333, 11, 703]","[5103, 2991, 4940, 7488, 1354, 112, 3247, 2485, 4621, 8136]","[2830, 5688, 5177, 6574, 8153, 2521, 12795, 13187, 221, 10484]","[28153, 13463, 4182, 7555, 8081, 30155, 29709, 28309, 12582, 11087]","[60773, 31889, 44389, 29796, 9937, 21224, 53714, 8486, 18727, 58602]","[7207, 68126, 127354, 65097, 58772, 27029, 127530, 60602, 5593, 45056]","[200892, 18220, 11815, 75816, 10276, 164455, 44020, 194839, 210794, 82881]","[390143, 147259, 133613, 476535, 83679, 454959, 130859, 469315, 501494, 483332]","[546185, 170356, 901442, 896230, 455700, 351708, 328628, 52229, 74248, 691286]"
"[1, 4, 4, 3, 1, 3, 4, 2, 3, 4]","[7, 1, 2, 2, 7, 1, 8, 3, 4, 4]","[8, 13, 3, 5, 14, 10, 15, 6, 15, 10]","[28, 16, 27, 3, 26, 12, 26, 18, 11, 6]","[27, 17, 11, 11, 17, 29, 38, 13, 22, 48]","[121, 60, 22, 120, 74, 49, 117, 27, 4, 104]","[188, 148, 78, 208, 254, 15, 137, 192, 248, 121]","[14, 153, 27, 357, 444, 260, 470, 437, 163, 163]","[914, 724, 524, 969, 128, 720, 39, 1023, 368, 729]","[537, 859, 398, 591, 1557, 53, 453, 1463, 736, 226]","[2860, 3664, 1361, 1641, 3902, 2211, 3545, 3028, 2090, 2178]","[7080, 4951, 7766, 5185, 4927, 4120, 1957, 4699, 2680, 5551]","[11698, 606, 1781, 6303, 2969, 4556, 3958, 9233, 10705, 2553]","[23970, 29503, 19558, 30105, 13826, 6214, 11895, 22316, 20066, 31561]","[52478, 13057, 46457, 26407, 14337, 60523, 15440, 41536, 18818, 4925]","[128016, 26323, 100146, 86454, 109715, 28104, 17320, 54943, 41568, 101944]","[261905, 164884, 10159, 172903, 73676, 184896, 331, 39986, 256360, 149891]","[303415, 251461, 42506, 435169, 466995, 403380, 269432, 6353, 417244, 220172]","[789818, 716986, 266887, 934095, 670383, 908672, 911217, 763174, 121746, 465245]"
"[1, 2, 3, 1, 1, 3, 3, 2, 2, 2]","[4, 7, 8, 2, 8, 6, 4, 8, 3, 3]","[13, 4, 8, 11, 4, 3, 9, 2, 8, 16]","[2, 17, 30, 12, 22, 13, 22, 20, 18, 17]","[57, 58, 34, 13, 18, 39, 32, 1, 26, 16]","[16, 115, 128, 125, 25, 92, 49, 57, 13, 124]","[186, 243, 96, 53, 192, 57, 218, 252, 73, 78]","[424, 4, 367, 84, 498, 379, 267, 263, 168, 396]","[275, 218, 551, 514, 508, 473, 814, 219, 989, 52]","[1500, 1297, 1812, 1603, 1516, 798, 1974, 1533, 1819, 802]","[3648, 120, 1853, 3828, 2877, 1819, 3970, 45, 1141, 3839]","[6369, 7833, 739, 950, 4004, 2180, 7684, 1475, 3733, 5124]","[10836, 444, 5582, 14563, 10081, 8659, 6810, 12706, 10676, 11314]","[23157, 13245, 4439, 29384, 18911, 22555, 24424, 12701, 13726, 2988]","[51756, 42352, 48007, 58795, 35757, 45037, 64624, 36901, 58680, 53095]","[118259, 42765, 59462, 72039, 11684, 64144, 96967, 23223, 127745, 107156]","[72616, 22380, 135627, 179449, 224308, 224856, 25050, 151448, 3984, 173577]","[511445, 141523, 258666, 322339, 284315, 130217, 207275, 137513, 63768, 14085]","[582907, 454295, 1022181, 262453, 430388, 898519, 370855, 220360, 466603, 134674]"
"[1, 1, 4, 3, 4, 2, 2, 2, 2, 3]","[6, 8, 5, 4, 8, 3, 7, 8, 8, 1]","[3, 4, 5, 15, 4, 8, 16, 8, 11, 13]","[1, 23, 12, 17, 31, 28, 28, 22, 4, 29]","[26, 12, 33, 15, 4, 39, 18, 7, 40, 46]","[90, 89, 6, 24, 91, 6, 92, 52, 89, 32]","[88, 170, 255, 103, 55, 24, 68, 109, 21, 14]","[194, 257, 369, 179, 177, 286, 370, 477, 108, 481]","[908, 834, 967, 786, 60, 192, 239, 658, 850, 203]","[445, 464, 1795, 1983, 1075, 412, 1458, 349, 1279, 173]","[3225, 1675, 2958, 541, 3368, 234, 2873, 1663, 1509, 2209]","[2645, 162, 3629, 643, 1773, 6677, 7037, 4351, 502, 3657]","[4139, 12757, 3767, 5034, 4828, 7402, 3123, 2153, 9982, 816]","[28093, 6260, 15562, 5290, 5081, 13997, 18562, 6422, 17352, 2200]","[19647, 2002, 62720, 43130, 21485, 60082, 63512, 12220, 9125, 14940]","[121401, 127021, 28626, 68672, 69079, 22415, 128374, 54452, 33863, 7428]","[170128, 70899, 43441, 49653, 29895, 101770, 206852, 103377, 227070, 196504]","[17125, 403531, 294300, 245048, 499466, 66536, 388731, 462631, 187491, 10221]","[336276, 392587, 478327, 308944, 457800, 547952, 541363, 1022477, 34421, 386376]"
"[1, 4, 2, 1, 1, 3, 2, 2, 1, 1]","[7, 1, 1, 6, 6, 1, 7, 1, 3, 7]","[7, 8, 12, 14, 11, 5, 5, 16, 9, 10]","[28, 28, 21, 18, 25, 5, 31, 3, 19, 31]","[17, 25, 23, 26, 32, 19, 32, 59, 15, 37]","[98, 79, 116, 76, 121, 18, 7, 55, 85, 70]","[138, 239, 116, 63, 119, 175, 177, 200, 199, 149]","[372, 474, 110, 124, 228, 108, 261, 324, 159, 38]","[243, 25, 523, 747, 605, 545, 603, 285, 557, 903]","[20, 328, 1804, 1693, 1080, 1575, 1797, 1519, 707, 178]","[2164, 1173, 3288, 1732, 497, 2482, 1069, 1893, 2972, 526]","[1627, 4459, 2543, 1722, 1336, 2637, 6054, 4798, 1187, 85]","[3725, 14766, 10638, 2993, 13670, 6208, 9957, 6330, 15334, 3762]","[32272, 17671, 5272, 12475, 7947, 24926, 3178, 19048, 9694, 24572]","[30942, 47745, 28215, 48352, 37056, 24709, 41862, 15164, 988, 40345]","[17957, 71558, 67571, 54725, 82733, 36992, 101226, 60031, 34818, 105897]","[198008, 91555, 155054, 153004, 107553, 256154, 4141, 229704, 166121, 40413]","[321543, 31056, 316631, 216562, 196003, 456094, 36073, 312643, 310497, 268373]","[111358, 347438, 459238, 645470, 33120, 866391, 533155, 752327, 699049, 942991]"
"[2, 1, 3, 4, 1, 4, 3, 2, 4, 1]","[8, 5, 4, 3, 7, 2, 1, 3, 5, 5]","[1, 10, 3, 6, 4, 3, 14, 3, 1, 14]","[30, 29, 10, 12, 12, 26, 4, 15, 14, 11]","[46, 54, 51, 57, 26, 4, 51, 10, 56, 40]","[64, 42, 81, 116, 84, 83, 14, 106, 35, 36]","[41, 65, 187, 22, 181, 214, 166, 23, 229, 185]","[424, 370, 151, 247, 149, 35, 398, 190, 327, 170]","[499, 237, 923, 718, 127, 380, 566, 314, 919, 611]","[1448, 362, 476, 95, 1309, 1387, 945, 1518, 1797, 128]","[3891, 1865, 3080, 1157, 1734, 3216, 205, 241, 3132, 2758]","[1064, 6746, 4504, 3063, 5125, 7121, 6479, 6018, 4205, 4712]","[16044, 6192, 11186, 14999, 15989, 10948, 2182, 15728, 13649, 10351]","[13767, 31329, 10903, 18154, 27157, 12168, 21152, 995, 22354, 31384]","[46731, 54049, 22170, 61422, 60129, 23812, 20757, 278, 34789, 3828]","[7854, 60093, 4032, 61389, 70100, 40707, 59695, 91377, 24725, 106064]","[166421, 36820, 37086, 42857, 111347, 175433, 227012, 164579, 12112, 20322]","[81507, 278163, 277633, 503991, 354746, 469332, 505168, 417760, 22326, 176877]","[640223, 909123, 685186, 917055, 762369, 50079, 1011276, 343873, 82483, 1016832]"
"[1, 2, 4, 1, 2, 2, 4, 4, 1, 2]","[4, 6, 6, 4, 2, 7, 6, 5, 8, 3]","[12, 2, 13, 16, 16, 3, 4, 1, 12, 11]","[22, 13, 19, 16, 9, 21, 5, 14, 5, 19]","[12, 28, 12, 15, 24, 29, 4, 35, 44, 37]","[109, 84, 81, 112, 105, 66, 86, 5, 70, 9]","[127, 42, 58, 172, 71, 18, 70, 168, 161, 232]","[155, 94, 254, 475, 478, 117, 387, 406, 359, 497]","[370, 449, 681, 932, 190, 973, 791, 635, 945, 986]","[551, 1789, 1489, 1417, 140, 1303, 250, 1609, 1564, 1708]","[3709, 279, 2995, 1322, 1284, 3435, 3740, 1123, 948, 3554]","[3285, 4627, 1357, 1859, 6302, 5069, 3665, 4750, 8126, 1088]","[15604, 15878, 14713, 3650, 2650, 2933, 16310, 6911, 5803, 11452]","[29325, 21043, 21308, 2215, 10808, 11623, 17313, 7311, 11287, 26057]","[6880, 20192, 25234, 9597, 4479, 36313, 49120, 54970, 11653, 17125]","[90030, 35964, 102883, 74882, 29822, 126504, 62683, 49832, 84734, 9893]","[132817, 230635, 141342, 145047, 91207, 240305, 253213, 199668, 174854, 198182]","[135827, 219129, 103510, 106783, 85053, 318270, 61601, 174439, 520787, 322457]","[824285, 891998, 423326, 900510, 662637, 784902, 1002639, 18331, 225961, 271870]"
"[2, 4, 1, 1, 3, 2, 2, 4, 4, 3]","[1, 6, 7, 3, 7, 5, 8, 2, 5, 4]","[8, 8, 7, 14, 14, 2, 10, 3, 10, 2]","[1, 3, 11, 12, 15, 8, 13, 1, 23, 13]","[56, 4, 11, 58, 22, 60, 49, 13, 57, 12]","[6, 87, 11, 15, 71, 66, 18, 70, 53, 53]","[151, 238, 34, 180, 42, 79, 249, 107, 148, 214]","[310, 218, 82, 202, 60, 215, 260, 294, 85, 121]","[707, 736, 351, 235, 504, 239, 258, 663, 55, 721]","[3, 1389, 623, 828, 604, 1400, 313, 1057, 1858, 1496]","[2128, 1774, 3422, 2947, 4017, 3186, 650, 2588, 3652, 152]","[4035, 2563, 6499, 7111, 6170, 4791, 3301, 2169, 7074, 9]","[1475, 11153, 8445, 9179, 14712, 1097, 836, 3444, 5656, 9453]","[11031, 11130, 32322, 25221, 8479, 10678, 15198, 14413, 17378, 32367]","[58434, 29370, 25134, 59627, 27327, 61131, 26277, 53122, 39039, 52415]","[98548, 4964, 77576, 112209, 88740, 40054, 93303, 118752, 97650, 100790]","[177716, 248341, 105171, 229325, 136283, 5198, 213946, 202235, 132458, 123044]","[250005, 319145, 372237, 251375, 342712, 205339, 69390, 304300, 356493, 23950]","[455690, 405683, 677516, 712532, 137587, 225314, 1030091, 723856, 333519, 909655]"
"[3, 2, 4, 4, 2, 1, 4, 2, 4, 3]","[3, 2, 5, 6, 1, 3, 8, 6, 3, 8]","[8, 9, 6, 16, 9, 9, 7, 7, 15, 1]","[16, 17, 4, 30, 25, 2, 22, 4, 8, 13]","[16, 16, 27, 52, 59, 24, 27, 5, 56, 59]","[118, 66, 51, 56, 35, 86, 32, 19, 55, 38]","[236, 255, 11, 212, 38, 223, 213, 85, 13, 105]","[76, 307, 222, 187, 125, 435, 200, 118, 78, 405]","[994, 399, 197, 1007, 982, 92, 825, 56, 807, 172]","[1132, 1661, 1352, 963, 878, 709, 1403, 1117, 1212, 558]","[2082, 3705, 3624, 3617, 1399, 3991, 37, 479, 1740, 1576]","[2282, 2717, 1758, 6215, 1965, 928, 3272, 615, 7244, 1758]","[14471, 4738, 7079, 146, 6437, 954, 6487, 13986, 11179, 2709]","[23395, 19429, 14380, 2575, 31928, 18243, 17470, 25705, 13297, 30857]","[15845, 24771, 25952, 21980, 10428, 61780, 44018, 2418, 15058, 17865]","[127802, 12762, 56389, 31149, 116938, 59514, 36611, 75713, 108126, 36302]","[126957, 91130, 172147, 206196, 246372, 182195, 178929, 220089, 102073, 118710]","[419105, 177242, 147172, 216315, 458253, 375548, 51279, 226021, 420997, 361141]","[786078, 458402, 614369, 382466, 466809, 314488, 535909, 64253, 94010, 910207]"
"[1, 4, 2, 1, 4, 4, 1, 3, 1, 3]","[3, 3, 8, 6, 7, 3, 3, 7, 2, 7]","[6, 12, 4, 1, 15, 9, 16, 14, 9, 11]","[1, 13, 16, 26, 32, 27, 30, 19, 1, 14]","[36, 21, 63, 14, 41, 11, 43, 27, 50, 35]","[98, 21, 97, 59, 105, 41, 73, 97, 72, 112]","[100, 115, 242, 14, 51, 82, 139, 176, 54, 248]","[397, 175, 22, 408, 10, 361, 236, 111, 131, 243]","[648, 527, 1020, 196, 544, 740, 276, 936, 403, 747]","[556, 115, 1956, 561, 686, 1185, 1533, 1455, 65, 782]","[3841, 3234, 2629, 4063, 991, 943, 3619, 2121, 1441, 3613]","[1804, 2933, 3883, 5171, 2711, 7613, 1081, 2872, 7189, 4974]","[7069, 11248, 11897, 11485, 10557, 15527, 8834, 15765, 1562, 965]","[14025, 31445, 12177, 22235, 126, 20114, 15939, 20959, 23938, 11068]","[22009, 61148, 33811, 57620, 21688, 2500, 8837, 22626, 16064, 36873]","[102260, 17198, 121171, 17180, 33247, 11561, 90124, 16888, 111461, 10247]","[86179, 101299, 49632, 16909, 240783, 236309, 106515, 228946, 229035, 140075]","[61557, 319085, 82087, 403243, 206365, 133964, 435521, 392426, 218937, 122682]","[296055, 467444, 964171, 270185, 390467, 499276, 521485, 177093, 888883, 836838]"
"[4, 2, 4, 2, 2, 2, 3, 3, 3, 3]","[4, 6, 3, 7, 8, 4, 4, 3, 2, 8]","[1, 5, 10, 8, 6, 15, 14, 11, 3, 16]","[9, 11, 15, 2, 1, 8, 12, 32, 31, 27]","[42, 50, 19, 27, 62, 29, 61, 44, 24, 18]","[67, 111, 26, 6, 116, 3, 19, 98, 58, 85]","[148, 142, 167, 64, 29, 133, 195, 204, 169, 66]","[267, 450, 64, 262, 119, 61, 320, 195, 372, 251]","[839, 387, 747, 565, 157, 871, 1, 705, 919, 621]","[436, 781, 344, 1708, 1882, 1557, 149, 1997, 679, 806]","[562, 462, 327, 1738, 3133, 3565, 3282, 2724, 3892, 3529]","[3286, 7993, 1647, 7839, 6893, 5470, 5248, 3988, 2953, 462]","[4298, 9537, 11831, 14229, 2757, 8600, 14847, 14968, 14511, 10560]","[12963, 32416, 7514, 31103, 7544, 22033, 6619, 11101, 22207, 737]","[59176, 20814, 19314, 20469, 39435, 64695, 36909, 34856, 59579, 52703]","[78477, 130465, 81348, 129848, 28614, 19794, 34638, 25672, 42147, 16707]","[108831, 160720, 58640, 132280, 41997, 56820, 106861, 57855, 146188, 255720]","[303109, 28304, 434221, 76368, 478915, 212324, 223168, 451324, 451312, 39557]","[969651, 176955, 292576, 43235, 885802, 290802, 430448, 109807, 282853, 238818]"
